"_Category","_Expanded","_CaptionID","_ThumbnailFile","_Year","_CaptionText","_Media","_Width","_Height","_Status","_Notes"
"Watercolor","PeeringIntoFall.jpg","PeeringIntoFall","PeeringIntoFall_thumb.jpg","PeeringIntoFall","Peering into Fall","Watercolor","30","22",""
"Watercolor","PurplePerfection.jpg","PurplePerfection","PurplePerfection_thumb.jpg","PurplePerfection","Purple Perfection","Watercolor and pencil","21","13","Private Collection -- Prints Available",""
"Watercolor","TheFisherman.jpg","TheFisherman","TheFisherman_thumb.jpg","TheFisherman","The Fisherman","Watercolor","18","14",""
"Watercolor","WhenWeWereGiants.jpg","WhenWeWereGiants","WhenWeWereGiants_thumb.jpg","WhenWeWereGiants","When We Were Giants","Watercolor","16","18",""
"Watercolor","Downpour.jpg","Downpour","Downpour_thumb.jpg","Downpour","Downpour","Watercolor","10","6.5","SOLD -- Prints Available",""
"Watercolor","SeasonalChange.jpg","SeasonalChange","SeasonalChange_thumb.jpg","SeasonalChange","Seasonal Change","Watercolor","15","11",""
"Watercolor","MorningCommute.jpg","MorningCommute","MorningCommute_thumb.jpg","MorningCommute","Morning Commute","Watercolor","22.25","15",""
"Watercolor","ThePerfectLocation.jpg","ThePerfectLocation","ThePerfectLocation_thumb.jpg","ThePerfectLocation","The Perfect Location","Watercolor","24","9.25",""
"Watercolor","MaybeSomeday2.jpg","MaybeSomeday","MaybeSomeday_thumb.jpg","MaybeSomeday","Maybe Someday","Watercolor","28.5","20.5",""
"Watercolor","HandPicked.jpg","HandPicked","HandPicked_thumb.jpg","HandPicked","Hand Picked","Watercolor","24.25","14.5",""
"Watercolor","UnderstatedElegance.jpg","UnderstatedElegance","UnderstatedElegance_thumb.jpg","UnderstatedElegance","Understated Elegance","Watercolor","23.75","18",""
"Watercolor","PureImagination.jpg","PureImagination","PureImagination_thumb.jpg","PureImagination","Pure Imagination","Watercolor","15","11","Private Collection --",""
"Watercolor","DownInTheHollar.jpg","DownInTheHollar","DownInTheHollar_thumb.jpg","DownInTheHollar","Down in the Hollar","Watercolor","11","14","SOLD -- Prints Available",""
"Watercolor","TuckedAway.jpg","TuckedAway","TuckedAway_thumb.jpg","TuckedAway","Tucked Away","Watercolor","11","14","",""
"Watercolor","BeachcomberI.jpg","BeachcomberI","/BeachcomberI_thumb.jpg","BeachcomberI","Beachcomber I","Watercolor","5","7",""
"Watercolor","BeachcomberII.jpg","BeachcomberII","BeachcomberII_thumb.jpg","BeachcomberII","Beachcomber II","Watercolor","5","7","SOLD -- Prints Available",""
"Watercolor","BeachcomberIII.jpg","BeachcomberIII","BeachcomberIII_thumb.jpg","BeachcomberIII","Beachcomber III","Watercolor","5","7",""
"Watercolor","BeachcomberIV.jpg","BeachcomberIV","BeachcomberIV_thumb.jpg","BeachcomberIV","Beachcomber IV","Watercolor","10","18",""
"Watercolor","CaptainCoco.jpg","CaptainCoco","CaptainCoco_thumb.jpg","CaptainCoco","Captain Coco","Watercolor","14","9.5","SOLD -- Prints Available",""
"Watercolor","Sundress.jpg","Sundress","Sundress_thumb.jpg","Sundress","Sundress","Watercolor","2","2.75","SOLD -- Prints Available",""
"Watercolor","TheEncounter.jpg","TheEncounter","TheEncounter_thumb.jpg","TheEncounter","The Encounter (Hopped Up Series 1 of 3)","Watercolor and pencil","20","16","SOLD -- Prints Available",""
"Watercolor","TheLeap.jpg","TheLeap","TheLeap_thumb.jpg","TheLeap","The Leap (Hopped Up Series 2 of 3)","Watercolor and pencil","20","16","SOLD -- Prints Available",""
"Watercolor","TheLove.jpg","TheLove","TheLove_thumb.jpg","TheLove","The Love (Hopped Up Series 3 of 3)","Watercolor and pencil","20","16","SOLD -- Prints Available",""
"Watercolor","HotYoga.jpg","HotYoga","HotYoga_thumb_v2.jpg","HotYoga","Hot Yoga","Watercolor and pencil","20","16","SOLD -- Prints Available",""
"Watercolor","Testing_a_Theory.jpg","Testing_a_Theory","Testing_a_Theory_thumb_v2.jpg","Testing_a_Theory","Testing a Theory","Watercolor and pencil","20","16",""
"Watercolor","ColdMorning.jpg","ColdMorning","ColdMorning_thumb_v2.jpg","ColdMorning","Cold Morning","Watercolor and pencil","20","16",""
"Watercolor","aFewGoodMen.jpg","aFewGoodMen","aFewGoodMen_thumb_v2.jpg","aFewGoodMen","A Few Good Men","Watercolor and pencil","20","16","SOLD -- Prints Available",""
"Watercolor","HappyHourFridayNight.jpg","HappyHourFridayNight","HappyHourFridayNight_thumb.jpg","HappyHourFridayNight","Happy Hour Friday Night","Watercolor and pencil","20","16","SOLD -- Prints Available",""
"Watercolor","QualityControl.jpg","QualityControl","QualityControl_thumb.jpg","QualityControl","Quality Control","Watercolor and pencil","20","16","SOLD -- Prints Available",""
"Watercolor","MondayMorning.jpg","MondayMorning","MondayMorning_thumb.jpg","MondayMorning","Monday Morning","Watercolor and pencil","20","16","SOLD -- Prints Available",""
"Watercolor","LoveAtFirstSight.jpg","LoveAtFirstSight","LoveAtFirstSight_thumb.jpg","LoveAtFirstSight","Love At First Sight","Watercolor and pencil","20","16",""
"Watercolor","Botanical1.jpg","Botanical1","Botanical1_thumb.jpg","Botanical1","Botanical I","Watercolor and pencil","8","10",""
"Watercolor","Botanical2.jpg","Botanical2","Botanical2_thumb.jpg","Botanical2","Botanical II","Watercolor and pencil","8","10",""
"Watercolor","Botanical3.jpg","Botanical3","Botanical3_thumb.jpg","Botanical3","Botanical III","Watercolor and pencil","8","10",""
"Watercolor","TheIntroduction.jpg","TheIntroduction","TheIntroduction_thumb.jpg","TheIntroduction","The Introduction","Watercolor","11","14","Private Collection --",""
